1,10Wed Nov 18 14:50:14 2020,834
Wed Nov 18 14:50:19 2020,834
Wed Nov 18 14:50:23 2020,834
Wed Nov 18 14:50:27 2020,834
Wed Nov 18 14:50:31 2020,833
Wed Nov 18 14:50:36 2020,832
Wed Nov 18 14:50:40 2020,834
Wed Nov 18 14:50:44 2020,834
Wed Nov 18 14:50:48 2020,834
Wed Nov 18 14:50:53 2020,834
Wed Nov 18 14:50:57 2020,834
Wed Nov 18 14:51:01 2020,834
Wed Nov 18 14:51:07 2020,834
Wed Nov 18 14:51:11 2020,834
Wed Nov 18 14:51:15 2020,831
Wed Nov 18 14:51:19 2020,834
Wed Nov 18 14:51:23 2020,834
Wed Nov 18 14:51:28 2020,834
Wed Nov 18 14:51:32 2020,834
Wed Nov 18 14:51:36 2020,833
Wed Nov 18 14:51:41 2020,834
Wed Nov 18 14:51:45 2020,834
Wed Nov 18 14:51:49 2020,833
Wed Nov 18 14:51:53 2020,834
Wed Nov 18 14:51:57 2020,833
Wed Nov 18 14:52:02 2020,834
Wed Nov 18 14:52:06 2020,834
Wed Nov 18 14:52:10 2020,834
Wed Nov 18 14:52:15 2020,833
Wed Nov 18 14:52:19 2020,832
Wed Nov 18 14:52:23 2020,834
Wed Nov 18 14:52:27 2020,834
Wed Nov 18 14:52:31 2020,834
Wed Nov 18 14:52:36 2020,834
Wed Nov 18 14:52:40 2020,833
Wed Nov 18 14:52:44 2020,834
Wed Nov 18 14:52:48 2020,834
Wed Nov 18 14:53:11 2020,834
Wed Nov 18 14:53:16 2020,834
Wed Nov 18 14:53:20 2020,834
Wed Nov 18 14:53:24 2020,834
Wed Nov 18 14:53:29 2020,833
Wed Nov 18 14:53:33 2020,834
Wed Nov 18 14:53:37 2020,834
Wed Nov 18 14:53:41 2020,834
Wed Nov 18 14:53:45 2020,834
Wed Nov 18 14:53:49 2020,834
Wed Nov 18 14:53:53 2020,834
Wed Nov 18 14:53:57 2020,834
Wed Nov 18 14:54:02 2020,834
Wed Nov 18 14:54:06 2020,833
Wed Nov 18 14:54:11 2020,834
Wed Nov 18 14:54:15 2020,834
Wed Nov 18 14:54:19 2020,833
Wed Nov 18 14:54:23 2020,834
Wed Nov 18 14:54:27 2020,833
Wed Nov 18 14:54:32 2020,834
Wed Nov 18 14:54:36 2020,834
Wed Nov 18 14:54:40 2020,834
Wed Nov 18 14:54:44 2020,834
Wed Nov 18 14:54:48 2020,834
Wed Nov 18 14:54:53 2020,834
Wed Nov 18 14:54:57 2020,832
Wed Nov 18 14:55:00 2020,834
Wed Nov 18 14:55:07 2020,834
Wed Nov 18 14:55:12 2020,834
Wed Nov 18 14:55:17 2020,834
Wed Nov 18 14:55:23 2020,834
Wed Nov 18 14:55:27 2020,834
Wed Nov 18 14:55:31 2020,834
Wed Nov 18 14:55:36 2020,834
Wed Nov 18 14:55:40 2020,834
Wed Nov 18 14:55:44 2020,834
Wed Nov 18 14:55:48 2020,834
Wed Nov 18 14:55:52 2020,834
Wed Nov 18 14:55:56 2020,834
Wed Nov 18 14:56:01 2020,833
Wed Nov 18 14:56:06 2020,834
Wed Nov 18 14:56:10 2020,833
Wed Nov 18 14:56:14 2020,834
Wed Nov 18 14:56:19 2020,834
Wed Nov 18 14:56:23 2020,834
Wed Nov 18 14:56:28 2020,834
Wed Nov 18 14:56:32 2020,834
Wed Nov 18 14:56:36 2020,834
Wed Nov 18 14:56:41 2020,834
Wed Nov 18 14:56:45 2020,834
Wed Nov 18 14:56:49 2020,834
Wed Nov 18 14:56:53 2020,833
Wed Nov 18 14:56:57 2020,834
Wed Nov 18 14:57:01 2020,834
Wed Nov 18 14:57:06 2020,834
Wed Nov 18 14:57:10 2020,834
Wed Nov 18 14:57:14 2020,834
Wed Nov 18 14:57:18 2020,834
Wed Nov 18 14:57:22 2020,833
Wed Nov 18 14:57:26 2020,834
Wed Nov 18 14:57:30 2020,832
Wed Nov 18 14:57:35 2020,834
Wed Nov 18 14:57:39 2020,833
Wed Nov 18 14:57:43 2020,834
Wed Nov 18 14:57:48 2020,834
Wed Nov 18 14:57:52 2020,834
Wed Nov 18 14:57:56 2020,834
Wed Nov 18 14:58:00 2020,833
Wed Nov 18 14:58:05 2020,834
Wed Nov 18 14:58:09 2020,834
Wed Nov 18 14:58:13 2020,833
Wed Nov 18 14:58:18 2020,834
Wed Nov 18 14:58:22 2020,834
Wed Nov 18 14:58:26 2020,833
Wed Nov 18 14:58:30 2020,834
Wed Nov 18 14:58:34 2020,834
Wed Nov 18 14:58:38 2020,834
Wed Nov 18 14:58:43 2020,834
Wed Nov 18 14:58:47 2020,834
Wed Nov 18 14:58:51 2020,834
Wed Nov 18 14:58:55 2020,834
Wed Nov 18 14:58:59 2020,834
Wed Nov 18 14:59:04 2020,834
Wed Nov 18 14:59:09 2020,833
Wed Nov 18 14:59:13 2020,834
Wed Nov 18 15:02:35 2020,834
Wed Nov 18 15:02:40 2020,834
Wed Nov 18 15:02:44 2020,834
Wed Nov 18 15:02:48 2020,834
Wed Nov 18 15:02:52 2020,833
Wed Nov 18 15:02:57 2020,834
Wed Nov 18 15:03:01 2020,834
Wed Nov 18 15:03:05 2020,834
Wed Nov 18 15:03:10 2020,834
Wed Nov 18 15:03:14 2020,834
Wed Nov 18 15:03:18 2020,831
Wed Nov 18 15:03:22 2020,834
Wed Nov 18 15:03:26 2020,833
Wed Nov 18 15:03:30 2020,832
Wed Nov 18 15:03:35 2020,834
Wed Nov 18 15:03:39 2020,834
Wed Nov 18 15:03:44 2020,834
Wed Nov 18 15:03:48 2020,834
Wed Nov 18 15:03:52 2020,834
Wed Nov 18 15:03:56 2020,834
Wed Nov 18 15:04:00 2020,833
Wed Nov 18 15:04:05 2020,834
Wed Nov 18 15:04:09 2020,834
Wed Nov 18 15:04:14 2020,834
Wed Nov 18 15:04:18 2020,833
Wed Nov 18 15:04:22 2020,834
Wed Nov 18 15:04:26 2020,816
