1,10
2,15Wed Nov 18 15:04:32 2020,834
Wed Nov 18 15:04:37 2020,834
Wed Nov 18 15:04:41 2020,834
Wed Nov 18 15:04:45 2020,834
Wed Nov 18 15:04:49 2020,834
Wed Nov 18 15:04:53 2020,834
Wed Nov 18 15:04:58 2020,834
Wed Nov 18 15:05:02 2020,834
Wed Nov 18 15:05:06 2020,834
Wed Nov 18 15:05:10 2020,834
Wed Nov 18 15:05:14 2020,834
Wed Nov 18 15:05:18 2020,834
Wed Nov 18 15:05:23 2020,834
Wed Nov 18 15:05:27 2020,834
Wed Nov 18 15:05:31 2020,834
Wed Nov 18 15:05:35 2020,834
Wed Nov 18 15:06:48 2020,834
Wed Nov 18 15:06:53 2020,834
Wed Nov 18 15:06:57 2020,834
Wed Nov 18 15:07:01 2020,833
Wed Nov 18 15:07:06 2020,834
Wed Nov 18 15:07:10 2020,834
Wed Nov 18 15:07:15 2020,834
Wed Nov 18 15:07:19 2020,834
Wed Nov 18 15:07:23 2020,834
Wed Nov 18 15:07:27 2020,834
Wed Nov 18 15:07:32 2020,834
Wed Nov 18 15:07:36 2020,834
Wed Nov 18 15:07:41 2020,834
Wed Nov 18 15:07:45 2020,834
Wed Nov 18 15:07:49 2020,834
Wed Nov 18 15:07:54 2020,834
Wed Nov 18 15:07:58 2020,834
Wed Nov 18 15:08:02 2020,834
Wed Nov 18 15:08:07 2020,834
Wed Nov 18 15:08:11 2020,834
Wed Nov 18 15:08:15 2020,834
Wed Nov 18 15:08:19 2020,834
Wed Nov 18 15:08:24 2020,834
Wed Nov 18 15:08:28 2020,834
Wed Nov 18 15:08:32 2020,834
Wed Nov 18 15:08:36 2020,834
Wed Nov 18 15:08:40 2020,834
Wed Nov 18 15:08:44 2020,834
Wed Nov 18 15:08:48 2020,834
Wed Nov 18 15:08:52 2020,833
Wed Nov 18 15:08:56 2020,833
Wed Nov 18 15:09:01 2020,834
Wed Nov 18 15:09:05 2020,834
Wed Nov 18 15:09:10 2020,834
Wed Nov 18 15:09:14 2020,833
Wed Nov 18 15:09:18 2020,834
Wed Nov 18 15:09:23 2020,834
Wed Nov 18 15:09:26 2020,834
Wed Nov 18 15:09:31 2020,834
Wed Nov 18 15:09:35 2020,834
Wed Nov 18 15:09:39 2020,834
Wed Nov 18 15:09:43 2020,834
Wed Nov 18 15:09:48 2020,834
Wed Nov 18 15:09:52 2020,834
Wed Nov 18 15:09:56 2020,834
Wed Nov 18 15:10:00 2020,834
Wed Nov 18 15:10:05 2020,834
Wed Nov 18 15:10:10 2020,834
Wed Nov 18 15:10:14 2020,834
